<meta>
    <info name="Race" description="arc_&apos;s MTA Race implementation" author="arc_" type="gamemode" version="1.0.2" build="r1157 02May17" edf:definition="edf/race.edf" />
    <min_mta_version server="1.5.5-9.14060" client="1.5.5-9.14060"></min_mta_version>
    
    <include resource="killmessages" />
    <include resource="scoreboard" />
    <include resource="votemanager" />
    <include resource="helpmanager" />
    
    <script src="race_errorcodes.lua" type="shared" />
    
    <script src="_common.lua" type="server" />
    <script src="_joiner.lua" type="server" />
    <script src="util_server.lua" type="server" />
    <script src="racemap.lua" type="server" />
    <script src="countdown.lua" type="server" />
    <script src="rankingboard.lua" type="server" />
    <script src="modes/base.lua" type="server" />
    <script src="modes/destructionderby.lua" type="server" />
    <script src="modes/freeroam.lua" type="server" />
    <script src="modes/sprint.lua" type="server" />
    <script src="fixedvehiclecolors.lua" type="server" />
    <script src="race_server.lua" type="server" />
    <script src="racevoting_server.lua" type="server" />
    <script src="racestates_server.lua" type="server" />
    <script src="config_server.lua" type="server" />
    <script src="override_server.lua" type="server" />
    <script src="editor_support_server.lua" type="server" />
    
    <script src="_common.lua" type="client" />
    <script src="_joiner_client.lua" type="client" />
    <script src="util_client.lua" type="client" />
    <script src="fancyprogress.lua" type="client" />
    <script src="nametags.lua" type="client" />
    <script src="client_anim.lua" type="client" />
    <script src="countdown_client.lua" type="client" />
    <script src="rankingboard_client.lua" type="client" />
    <script src="race_client.lua" type="client" />
    <script src="textlib.lua" type="client" />
    <script src="textlib_anim.lua" type="client" />
    <script src="config_client.lua" type="client" />
    <script src="override_client.lua" type="client" />
    <script src="editor_support_client.lua" type="client" />
    <config src="help.xml" type="client" />
    
    <file src="img/progress_health_bg.png" />
    <file src="img/progress_health.png" />
    <file src="img/progress_speed_bg.png" />
    <file src="img/progress_speed.png" />
    <file src="img/countdown_3.png" />
    <file src="img/countdown_2.png" />
    <file src="img/countdown_1.png" />
    <file src="img/countdown_0.png" />
    <file src="img/timeleft.png" />
    <file src="img/hurry.png" />
    <file src="img/specprev.png" />
    <file src="img/specprev_hi.png" />
    <file src="img/specnext.png" />
    <file src="img/specnext_hi.png" />
    <file src="img/blank.png" />
    <file src="img/title.png" />
    <file src="img/travelling.png" />
    <file src="img/killmessage.png" />
    
    <file src="audio/mission_accomplished.mp3" />
    
    <file src="model/nitro.dff" />
    <file src="model/nitro.txd" />
    <file src="model/repair.dff" />
    <file src="model/repair.txd" />
    <file src="model/vehiclechange.dff" />
    <file src="model/vehiclechange.txd" />
    
    <file src="edf/checkpoint.png" />
    <file src="edf/pickup.png" />
    <file src="edf/spawnpoint.png" />
    
    <export function="getTimePassed" type="server" />
    <export function="getPlayerRank" type="server" />
    <export function="isPlayerFinished" type="server" />
    <export function="getPlayerVehicle" type="server" />
    
    <settings>
        <!-- *****************************************************
			 All these settings are adjustable in the Admin Panel:
				1. start admin
				2. press 'p'
				3. select Resources tab
				4. double click on 'race'
			 ***************************************************** -->
        
        <setting name="*color" value="#D27350" friendlyname="Message color" group="Display" accept="*" examples="#FF0000,#776655" desc="Color of the Race chat box messages." />
        
        <setting name="*hurrytime" value="15" friendlyname="Hurry time" accept="0-120" group="Gameplay" desc="Display HURRY! message this many seconds before the time runs out." />
        
        <setting name="*timeafterfirstfinish" value="30" friendlyname="Finish race time" accept="0-120" group="Gameplay" desc="The number of seconds the race continues for after someone wins." />
        
        <setting name="*respawnmode" value="none" friendlyname="Respawn mode" accept="timelimit,none" group="Gameplay" desc="Default respawn mode, if one is not set in the map." />
        
        <setting name="*respawntime" value="10" friendlyname="Respawn time" accept="0-60" group="Gameplay" desc="Default respawn time in seconds, if one is not set in the map." />
        
        <setting name="*duration" value="600" friendlyname="Map duration" accept="1-3600" group="Gameplay" desc="Default duration in seconds, if one is not set in the map." />
        
        <setting name="*ghostmode" value="false" friendlyname="Ghost mode" accept="false,true" group="Gameplay" desc="Set to true to disable collisions." />
        
        <setting name="*ghostalpha" value="false" friendlyname="Ghost alpha" accept="false,true" group="Graphics" desc="Set to true to make vehicle semi-transparent when collisions are disabled." />
        
        <setting name="*randommaps" value="false" friendlyname="Random maps" accept="false,true" group="Gameplay" desc="Set to true to make the next map selection automatic." />
        
        <setting name="#statskey" value="name" accept="name,serial" group="none" desc="To identify players for stats." />
        
        <setting name="*vehiclecolors" value="random" friendlyname="Vehicle colors" accept="file,random" group="Graphics" desc="Set to file to use the server file: mods\deathmatch\vehiclecolors.conf" />
        
        <setting name="*skins" value="cj" friendlyname="Driver skin" group="Graphics" accept="*" examples="cj,random,7 10 16-20 15" desc="Choose a driver skin. Acceptable values can be &apos;cj&apos; or &apos;random&apos; or a range list like this:&apos;7 10 16-20 15&apos;" />
        
        <setting name="*vehicleweapons" value="true" friendlyname="Vehicle weapons" group="Gameplay" accept="false,true" desc="Set to true to allow vehicle weapons." />
        
        <setting name="*autopimp" value="true" friendlyname="Auto pimp" group="Graphics" accept="false,true" desc="Set to true to apply a selection of visual upgrades to vehicles." />
        
        <setting name="*firewater" value="false" friendlyname="Fire water" group="Graphics" accept="false,true" desc="Set to true to explode the player when entering the water." />
        
        <setting name="*admingroup" value="Admin,SuperModerator" friendlyname="Admin group list" group="_Advanced" accept="*" examples="Admin,Moderator,SuperModerator" desc="To issue certain commands, the player must belong to one of the groups listed." />
        
        <setting name="#addons" value="race_toptimes,race_traffic_sensor" accept="*" desc="List of race addon resources to load automatically" />
        
        <setting name="*blur" value="36" friendlyname="Blur level" group="Display" accept="0-36" desc="Set to 0 to turn off blur." />
        
        <setting name="*clouds" value="true" friendlyname="Clouds enable" group="Display" accept="false,true" desc="Set to false to turn off clouds." />
        
        <setting name="*joinspectating" value="true" friendlyname="Join spectating" group="Spectating" accept="false,true" desc="Set to true to make joining players spectate the race in progress." />
        
        <setting name="*stealthspectate" value="true" friendlyname="Admin stealth spectate" group="Spectating" accept="false,true" desc="Set to true to hide the state of spectating admins." />
        
        <setting name="*classicchangez" value="true" friendlyname="Classic change Z" group="_Advanced" accept="false,true" desc="Set to true to move the player up when changing vehicles." />
        
        <setting name="*countdowneffect" value="true" friendlyname="Countdown effect" group="Display" accept="false,true" desc="Set to true for a fancy effect on the last countdown image." />
        
        <setting name="*showmapname" value="true" friendlyname="Show map name" group="Display" accept="false,true" desc="Set to true to show the current map name in the bottom left." />
        
        <setting name="*hunterminigun" value="true" friendlyname="Hunter minigun enable" group="Gameplay" accept="false,true" desc="Set to true to allow the Hunter minigun." />
        
        <setting name="*securitylevel" value="2" friendlyname="Security level" group="_Advanced" accept="0-2" desc="Detect fake packets. 0-No checks  1-Some checks  2-All checks." />
        
        <setting name="*anyonecanspec" value="true" friendlyname="Anyone can spectate" group="Spectating" accept="false,true" desc="Allow any player to start spectating with the &apos;B&apos; key. (Does not work in no repawn maps)" />
        
        <setting name="*norsadminspectate" value="false" friendlyname="Admin no respawn spectate" group="Spectating" accept="false,true" desc="Allow admins to spectate while alive in no respawn maps." />
        
        <setting name="*racerespawn" value="true" friendlyname="Race respawn after spectate" group="Spectating" accept="false,true" desc="Force players to spawn like after death." />
        
        <setting name="*joinrandomvote" value="true" friendlyname="Random vote on join" group="Gameplay" accept="false,true" desc="If someone joins a lone player, start a vote to change to a random map." />
        
        <setting name="*showauthorname" value="true" friendlyname="Show author name" group="Display" accept="false,true" desc="Set to true to show the map author name on the travelling screen." />
        
        <setting name="*ghostmode_map_can_override" friendlyname="Ghost mode map override" group="Gameplay" value="true" accept="false,true" desc="Set to true to allow the map to override this setting" />
        <setting name="*skins_map_can_override" friendlyname="Driver skin map override" group="Graphics" value="true" accept="false,true" desc="Set to true to allow the map to override this setting" />
        <setting name="*vehicleweapons_map_can_override" friendlyname="Vehicle weapons map override" group="Gameplay" value="true" accept="false,true" desc="Set to true to allow the map to override this setting" />
        <setting name="*autopimp_map_can_override" friendlyname="Auto pimp map override" group="Graphics" value="true" accept="false,true" desc="Set to true to allow the map to override this setting" />
        <setting name="*firewater_map_can_override" friendlyname="Firewater map override" group="Graphics" value="true" accept="false,true" desc="Set to true to allow the map to override this setting" />
        <setting name="*classicchangez_map_can_override" friendlyname="Classic change Z map override" group="_Advanced" value="true" accept="false,true" desc="Set to true to allow the map to override this setting" />
        <setting name="*hunterminigun_map_can_override" friendlyname="Hunter minigun map override" group="Gameplay" value="true" accept="false,true" desc="Set to true to allow the map to override this setting" />
        
        <setting name="*ghostmode_warning_if_map_override" friendlyname="Ghost mode override warning" group="Gameplay" value="true" accept="false,true" desc="Set to true to issue a warning to players in the chatbox, if the map overrides this setting" />
        <setting name="*vehicleweapons_warning_if_map_override" friendlyname="Vehicle weapons override warning" group="Gameplay" value="true" accept="false,true" desc="Set to true to issue a warning to players in the chatbox, if the map overrides this setting" />
    </settings>
    
    
    <!--
        Settings in the map files
        +++++++++++++++++++++++++
        To add the 'ghostmode','skins','vehicleweapons','autopimp','firewater','classicchangez' or 'hunterminigun'
        setting to a map, insert (or update) a <settings...> section into the maps meta.xml file.
        For example:

        <settings>
            <setting name="*vehicleweapons" value="false"/>
            <setting name="*autopimp" value="false"/>
        </settings>
    -->
    
</meta>
